date,region,category,revenue,orders
2026-01-01,Приморье,Электроника,120000,48
2026-01-01,Приморье,Одежда,72000,60
2026-01-01,Хабаровский край,Электроника,93000,37
2026-01-01,Хабаровский край,Одежда,66000,55
2026-02-01,Приморье,Электроника,143000,52
2026-02-01,Приморье,Одежда,69000,58
2026-02-01,Хабаровский край,Электроника,101000,40
2026-02-01,Хабаровский край,Одежда,71000,57
2026-03-01,Приморье,Электроника,168000,59
2026-03-01,Приморье,Одежда,74000,62
2026-03-01,Хабаровский край,Электроника,114000,44
2026-03-01,Хабаровский край,Одежда,76000,61
